IMAGEN_ID,PRODUCTO_ID,CARPETA_ID,IMAGEN_RUTA,ARCHIVO_ID,URL,ESTADO,FECHA_CARGA,FUENTE,PORTADA,TIPO_ARCHIVO,THUMBNAIL_URL,PROMPT,COSTO,ORDEN,SYNC_WC,ANALISIS_FORENSE
IMG-1776093148172-2-851,CAMP6709,1SRW5rj2pJ3WwNkUBHj1lAHfqqyKDYwwB,BD_PRODUCTO_IMAGENES_Images/CAMP6709/CAMP6709-14aBq.jpg,14aBqa5H5WmutSLH7iRmQUcBG5Eu_nuCu,https://www.appsheet.com/template/gettablefileurl?appName=CASTFERSYSTEMV1-201513855&tableName=BD_PRODUCTO_IMAGENES&fileName=BD_PRODUCTO_IMAGENES_Images%2FCAMP6709%2FCAMP6709-14aBq.jpg,TRUE,13/4/2026,Sistema Web,FALSE,imagen,https://www.appsheet.com/template/gettablefileurl?appName=CASTFERSYSTEMV1-201513855&tableName=BD_PRODUCTO_IMAGENES&fileName=BD_PRODUCTO_IMAGENES_Images%2FCAMP6709%2FCAMP6709-14aBq.jpg,"## ART DIRECTIVE - Bomber Jacket

**RAZONAMIENTO:** La orientación se determina por la presencia de la cremallera frontal completa y el cuello alto, indicando claramente la vista frontal de la prenda. La capucha y los cordones de ajuste refuerzan esta identificación.

**AUDITORÍA VISUAL:** Chaqueta Bomber. Las fotos muestran la prenda en orientación FRONTAL. Se observan múltiples parches con logotipos y detalles de costura acolchada. La parte trasera de la chaqueta se muestra en la última imagen, revelando la ausencia de parches y la presencia de una etiqueta interna.

**PROMPT MAESTRO (PARA IMAGEN 4 ULTRA):**

Una fotografía de estudio de alta gama que presenta una chaqueta bomber acolchada de color gris, suspendida en el espacio como si estuviera siendo usada por un cuerpo invisible. La chaqueta está perfectamente centrada sobre un fondo blanco puro, con una iluminación suave y difusa que resalta la textura del acolchado y los detalles de los parches. La cremallera frontal está ligeramente abierta, revelando el forro interior de la chaqueta. Los puños y el cuello están acentuados con ribetes blancos. Se debe prestar especial atención a la fidelidad de los logotipos y los detalles de costura. Una sombra de contacto sutil en el suelo proporciona una referencia de plano. La imagen debe transmitir una sensación de lujo y calidad.

**FICHA TÉCNICA DE GENERACIÓN (OBLIGATORIA):**

- MANDATO DE COLOR: Diseño con la paleta de colores detectada.
- RELACIÓN DE ASPECTO: 3:4 (Mandatorio).
- MODELO OPTIMIZADO: gemini-3.1-flash-image-preview.
",,2,,"## Forensic Garment Analysis Report

**GARMENT_TYPE:** Bomber

**DETECTED_POSITION:** FLAT_LAY

**SUPPORT_CONTEXT:** ON_SURFACE

**PRIMARY_COLOR:**
    - Technical Name: Light Gray
    - HEX Code: #D3D3D3 (approximate, based on visual assessment)
    - Type: SOLID
    - Pattern Details: Quilted diamond pattern across the main body of the garment.

**ESTIMATED_MATERIAL:** Cire ecocuero (based on reference data) with a likely polyester or nylon lining. The quilted sections suggest a padded filling.

**LOGOS_OR_BRANDING:**
    - Visible: YES
    - Details:
        - ""Fast"" logo with script text and graphic elements on the left chest, approximately 4cm x 6cm.
        - ""TARTER CLUB"" logo with a graphic square design on the right chest, approximately 5cm x 5cm.
        - ""STUDIO Aviator"" logo on the lower left chest, approximately 3cm x 5cm.
        - Small circular logo with text on the left sleeve cuff, approximately 1cm diameter.
        - Tag visible at the collar with text ""G STYLE""
        - Additional small logos/patches are present but details are obscured.

**CONSTRUCTION_DETAILS:**
    - Stitching: Predominantly appears to be machine stitching, likely a standard lockstitch. Quilted sections utilize a consistent stitch pattern.
    - Closures: Full-length metal zipper closure at the front.
    - Pockets: Two side pockets with zippers.
    - Elastics: Ribbed knit cuffs on sleeves, with white stripe detailing. Ribbed knit collar with white stripe detailing.

**VISIBLE_CARE_LABELS:** NO

**VISUAL_STATE:** CLEAN and PRESENTABLE. 



**Disclaimer:** This analysis is based solely on the provided image and reference data. A physical examination would be required for a more definitive assessment."
IMG-1776093148683-4-356,CAMP6709,1SRW5rj2pJ3WwNkUBHj1lAHfqqyKDYwwB,BD_PRODUCTO_IMAGENES_Images/CAMP6709/CAMP6709-1qacS.jpg,1qacSByFW8u-pUuSiCy4tKL7LA5jNrygX,https://www.appsheet.com/template/gettablefileurl?appName=CASTFERSYSTEMV1-201513855&tableName=BD_PRODUCTO_IMAGENES&fileName=BD_PRODUCTO_IMAGENES_Images%2FCAMP6709%2FCAMP6709-1qacS.jpg,TRUE,13/4/2026,Sistema Web,FALSE,imagen,https://www.appsheet.com/template/gettablefileurl?appName=CASTFERSYSTEMV1-201513855&tableName=BD_PRODUCTO_IMAGENES&fileName=BD_PRODUCTO_IMAGENES_Images%2FCAMP6709%2FCAMP6709-1qacS.jpg,"## ART DIRECTIVE - Bomber Jacket

**RAZONAMIENTO:** La orientación se determina por la presencia de la cremallera frontal completa y el cuello alto, indicando claramente la vista frontal de la prenda. La capucha y los cordones de ajuste refuerzan esta identificación.

**AUDITORÍA VISUAL:** Chaqueta Bomber. Las fotos muestran la prenda en orientación FRONTAL. Se observan múltiples parches con logotipos y detalles de costura acolchada. La parte trasera de la chaqueta se muestra en la última imagen, revelando la ausencia de parches y la presencia de una etiqueta interna.

**PROMPT MAESTRO (PARA IMAGEN 4 ULTRA):**

Una fotografía de estudio de alta gama que presenta una chaqueta bomber acolchada de color gris, suspendida en el espacio como si estuviera siendo usada por un cuerpo invisible. La chaqueta está perfectamente centrada sobre un fondo blanco puro, con una iluminación suave y difusa que resalta la textura del acolchado y los detalles de los parches. La cremallera frontal está ligeramente abierta, revelando el forro interior de la chaqueta. Los puños y el cuello están acentuados con ribetes blancos. Se debe prestar especial atención a la fidelidad de los logotipos y los detalles de costura. Una sombra de contacto sutil en el suelo proporciona una referencia de plano. La imagen debe transmitir una sensación de lujo y calidad.

**FICHA TÉCNICA DE GENERACIÓN (OBLIGATORIA):**

- MANDATO DE COLOR: Diseño con la paleta de colores detectada.
- RELACIÓN DE ASPECTO: 3:4 (Mandatorio).
- MODELO OPTIMIZADO: gemini-3.1-flash-image-preview.
",,4,,"Here's a forensic garment analysis based solely on the provided image, adhering to the Pixel Sovereignty Mandate:

GARMENT_TYPE: Bomber
DETECTED_POSITION: FLAT_LAY
SUPPORT_CONTEXT: ON_SURFACE

PRIMARY_COLOR:
    - Technical Name: Burgundy
    - HEX Code: #900020 (estimated)
    - Type: SOLID
    - Pattern Details: Quilted pattern across the body of the jacket.

ESTIMATED_MATERIAL: Cire ecocuero (based on reference data) - appears to be a coated synthetic material with a slight sheen.

LOGOS_OR_BRANDING:
    - Visible: YES
    - Details:
        - ""Taste tastyfastic"" patch on the left chest, approximately 7cm x 4cm.
        - ""PROTMT ENERGY"" patch below ""Taste tastyfastic"", approximately 5cm x 3cm.
        - ""STARTER CLUB"" patch on the right chest, approximately 6cm x 5cm, featuring a graphic element.
        - ""RADIO"" patch on the left sleeve, approximately 4cm x 3cm.
        - Small tag at the collar reading ""STYLE""
        - Small logo on the zipper pull.

CONSTRUCTION_DETAILS:
    - Stitching: Appears to be a combination of straight stitching and quilting stitches.
    - Closures: Full-length front zipper.
    - Pockets: Two side pockets with metal zipper pulls.
    - Elastics: Ribbed cuffs on sleeves, ribbed waistband.

VISIBLE_CARE_LABELS: NO

VISUAL_STATE: CLEAN and PRESENTABLE"
IMG-1776093149220-6-960,CAMP6709,1SRW5rj2pJ3WwNkUBHj1lAHfqqyKDYwwB,BD_PRODUCTO_IMAGENES_Images/CAMP6709/CAMP6709-1yvgq.jpg,1yvgqJB_lY1dmvMKKE6emYrJojP6nbFCM,https://www.appsheet.com/template/gettablefileurl?appName=CASTFERSYSTEMV1-201513855&tableName=BD_PRODUCTO_IMAGENES&fileName=BD_PRODUCTO_IMAGENES_Images%2FCAMP6709%2FCAMP6709-1yvgq.jpg,TRUE,13/4/2026,Sistema Web,FALSE,imagen,https://www.appsheet.com/template/gettablefileurl?appName=CASTFERSYSTEMV1-201513855&tableName=BD_PRODUCTO_IMAGENES&fileName=BD_PRODUCTO_IMAGENES_Images%2FCAMP6709%2FCAMP6709-1yvgq.jpg,"## ART DIRECTIVE - Bomber Jacket

**RAZONAMIENTO:** La orientación se determina por la presencia de la cremallera frontal completa y el cuello alto, indicando claramente la vista frontal de la prenda. La capucha y los cordones de ajuste refuerzan esta identificación.

**AUDITORÍA VISUAL:** Chaqueta Bomber. Las fotos muestran la prenda en orientación FRONTAL. Se observan múltiples parches con logotipos y detalles de costura acolchada. La parte trasera de la chaqueta se muestra en la última imagen, revelando la ausencia de parches y la presencia de una etiqueta interna.

**PROMPT MAESTRO (PARA IMAGEN 4 ULTRA):**

Una fotografía de estudio de alta gama que presenta una chaqueta bomber acolchada de color gris, suspendida en el espacio como si estuviera siendo usada por un cuerpo invisible. La chaqueta está perfectamente centrada sobre un fondo blanco puro, con una iluminación suave y difusa que resalta la textura del acolchado y los detalles de los parches. La cremallera frontal está ligeramente abierta, revelando el forro interior de la chaqueta. Los puños y el cuello están acentuados con ribetes blancos. Se debe prestar especial atención a la fidelidad de los logotipos y los detalles de costura. Una sombra de contacto sutil en el suelo proporciona una referencia de plano. La imagen debe transmitir una sensación de lujo y calidad.

**FICHA TÉCNICA DE GENERACIÓN (OBLIGATORIA):**

- MANDATO DE COLOR: Diseño con la paleta de colores detectada.
- RELACIÓN DE ASPECTO: 3:4 (Mandatorio).
- MODELO OPTIMIZADO: gemini-3.1-flash-image-preview.
",,6,,"## Forensic Garment Analysis Report

**GARMENT_TYPE:** Bomber

**DETECTED_POSITION:** FLAT_LAY

**SUPPORT_CONTEXT:** ON_SURFACE

**PRIMARY_COLOR:**
    - Technical Name: Gray
    - HEX Code: #D3D3D3 (estimated, based on visual assessment)
    - Type: SOLID
    - Pattern Details: None

**ESTIMATED_MATERIAL:** Cire ecocuero (based on reference data) with possible quilted polyester fill. Sleeves appear to be a smooth knit fabric.

**LOGOS_OR_BRANDING:**
    - Visible: YES
    - Details:
        - ""STUDIO"" logo patch, rectangular, approximately 3cm x 4cm, located on the left chest.
        - ""Taste tastyntaste"" logo patch, rectangular, approximately 4cm x 7cm, located on the left chest.
        - ""PRO TMT ENERGY"" logo patch, rectangular, approximately 3cm x 6cm, located on the left chest.
        - ""STARTER"" logo patch, shield-shaped, approximately 5cm x 6cm, located on the right chest.
        - Small rectangular tag visible at the collar, partially obscured, with text ""STYLE"" and further illegible text.

**CONSTRUCTION_DETAILS:**
    - Stitching: Appears to be a combination of straight stitching and potentially overlock stitching along seams.
    - Closures: YKK front zipper closure, silver-toned.
    - Pockets: Two side welt pockets with zipper closures, silver-toned.
    - Elastics: Ribbed cuffs at the sleeve openings, and a ribbed waistband.

**VISIBLE_CARE_LABELS:** NO

**VISUAL_STATE:** CLEAN and PRESENTABLE."
IMG-1776093149860-8-380,CAMP6709,1SRW5rj2pJ3WwNkUBHj1lAHfqqyKDYwwB,BD_PRODUCTO_IMAGENES_Images/CAMP6709/CAMP6709-1vO0p.jpg,1vO0p8k3B-NxEWVKLYik01Q-F1i5bzaCv,https://www.appsheet.com/template/gettablefileurl?appName=CASTFERSYSTEMV1-201513855&tableName=BD_PRODUCTO_IMAGENES&fileName=BD_PRODUCTO_IMAGENES_Images%2FCAMP6709%2FCAMP6709-1vO0p.jpg,TRUE,13/4/2026,Sistema Web,FALSE,imagen,https://www.appsheet.com/template/gettablefileurl?appName=CASTFERSYSTEMV1-201513855&tableName=BD_PRODUCTO_IMAGENES&fileName=BD_PRODUCTO_IMAGENES_Images%2FCAMP6709%2FCAMP6709-1vO0p.jpg,"## ART DIRECTIVE - Bomber Jacket

**RAZONAMIENTO:** La orientación se determina por la presencia de la cremallera frontal completa y el cuello alto, indicando claramente la vista frontal de la prenda. La capucha y los cordones de ajuste refuerzan esta identificación.

**AUDITORÍA VISUAL:** Chaqueta Bomber. Las fotos muestran la prenda en orientación FRONTAL. Se observan múltiples parches con logotipos y detalles de costura acolchada. La parte trasera de la chaqueta se muestra en la última imagen, revelando la ausencia de parches y la presencia de una etiqueta interna.

**PROMPT MAESTRO (PARA IMAGEN 4 ULTRA):**

Una fotografía de estudio de alta gama que presenta una chaqueta bomber acolchada de color gris, suspendida en el espacio como si estuviera siendo usada por un cuerpo invisible. La chaqueta está perfectamente centrada sobre un fondo blanco puro, con una iluminación suave y difusa que resalta la textura del acolchado y los detalles de los parches. La cremallera frontal está ligeramente abierta, revelando el forro interior de la chaqueta. Los puños y el cuello están acentuados con ribetes blancos. Se debe prestar especial atención a la fidelidad de los logotipos y los detalles de costura. Una sombra de contacto sutil en el suelo proporciona una referencia de plano. La imagen debe transmitir una sensación de lujo y calidad.

**FICHA TÉCNICA DE GENERACIÓN (OBLIGATORIA):**

- MANDATO DE COLOR: Diseño con la paleta de colores detectada.
- RELACIÓN DE ASPECTO: 3:4 (Mandatorio).
- MODELO OPTIMIZADO: gemini-3.1-flash-image-preview.
",,8,,"## Forensic Garment Analysis Report

**GARMENT_TYPE:** Bomber

**DETECTED_POSITION:** FLAT_LAY

**SUPPORT_CONTEXT:** ON_SURFACE

**PRIMARY_COLOR:**
    - Technical Name: Grey
    - HEX Code: #A9A9A9 (estimated)
    - Type: SOLID
    - Pattern Details: None

**ESTIMATED_MATERIAL:** Cire ecocuero (based on reference data, appears to be a coated synthetic material with a slight sheen)

**LOGOS_OR_BRANDING:**
    - Visible: YES
    - Details:
        - ""506"" and ""STARTER CLUB"" patch on the upper right chest, approximately 5cm x 3cm.
        - ""Fast"" and ""ProTM Energy"" logo on the left chest, approximately 8cm x 6cm.
        - Small tag visible at the collar with partial text ""US STYLE"" and other illegible text, approximately 2cm x 1cm.

**CONSTRUCTION_DETAILS:**
    - Stitching: Predominantly overlock stitching visible at seams and edges.
    - Closures: YKK front zipper closure.
    - Pockets: 2 side pockets with angled openings.
    - Elastics: Ribbed cuffs with grey and white stripes, approximately 3cm wide. Ribbed hem band, approximately 4cm wide.

**VISIBLE_CARE_LABELS:** YES (small tag visible at the collar)

**VISUAL_STATE:** CLEAN and PRESENTABLE"
IMG-1776093150422-10-866,CAMP6709,1SRW5rj2pJ3WwNkUBHj1lAHfqqyKDYwwB,BD_PRODUCTO_IMAGENES_Images/CAMP6709/CAMP6709-1vExu.jpg,1vExurlZni0vmxqj_yZgExP6ng8XOSPXG,https://www.appsheet.com/template/gettablefileurl?appName=CASTFERSYSTEMV1-201513855&tableName=BD_PRODUCTO_IMAGENES&fileName=BD_PRODUCTO_IMAGENES_Images%2FCAMP6709%2FCAMP6709-1vExu.jpg,TRUE,13/4/2026,Sistema Web,FALSE,imagen,https://www.appsheet.com/template/gettablefileurl?appName=CASTFERSYSTEMV1-201513855&tableName=BD_PRODUCTO_IMAGENES&fileName=BD_PRODUCTO_IMAGENES_Images%2FCAMP6709%2FCAMP6709-1vExu.jpg,"## ART DIRECTIVE - Bomber Jacket

**RAZONAMIENTO:** La orientación se determina por la presencia de la cremallera frontal completa y el cuello alto, indicando claramente la vista frontal de la prenda. La capucha y los cordones de ajuste refuerzan esta identificación.

**AUDITORÍA VISUAL:** Chaqueta Bomber. Las fotos muestran la prenda en orientación FRONTAL. Se observan múltiples parches con logotipos y detalles de costura acolchada. La parte trasera de la chaqueta se muestra en la última imagen, revelando la ausencia de parches y la presencia de una etiqueta interna.

**PROMPT MAESTRO (PARA IMAGEN 4 ULTRA):**

Una fotografía de estudio de alta gama que presenta una chaqueta bomber acolchada de color gris, suspendida en el espacio como si estuviera siendo usada por un cuerpo invisible. La chaqueta está perfectamente centrada sobre un fondo blanco puro, con una iluminación suave y difusa que resalta la textura del acolchado y los detalles de los parches. La cremallera frontal está ligeramente abierta, revelando el forro interior de la chaqueta. Los puños y el cuello están acentuados con ribetes blancos. Se debe prestar especial atención a la fidelidad de los logotipos y los detalles de costura. Una sombra de contacto sutil en el suelo proporciona una referencia de plano. La imagen debe transmitir una sensación de lujo y calidad.

**FICHA TÉCNICA DE GENERACIÓN (OBLIGATORIA):**

- MANDATO DE COLOR: Diseño con la paleta de colores detectada.
- RELACIÓN DE ASPECTO: 3:4 (Mandatorio).
- MODELO OPTIMIZADO: gemini-3.1-flash-image-preview.
",,10,,"## Forensic Garment Analysis Report

**GARMENT_TYPE:** Bomber Jacket
**DETECTED_POSITION:** FRONT
**SUPPORT_CONTEXT:** ON_HANGER

**PRIMARY_COLOR:**
    - Technical Name: Light Grey
    - HEX Code: #D3D3D3 (estimated)
    - Type: SOLID
    - Pattern Details: Uniform coloration with a slight sheen suggesting a coated fabric.

**ESTIMATED_MATERIAL:** Cire Ecocuero (based on reference data and visual texture - appears to be a coated synthetic leather)

**LOGOS_OR_BRANDING:**
    - Visible: YES
    - Details:
        - ""Taste"" logo with ""Tastemytaste"" text, embroidered on the upper left chest. Approximately 10cm x 8cm.
        - ""ProTMT. ENERGY"" logo, rectangular patch with embroidered text and color blocking, positioned below the ""Taste"" logo. Approximately 8cm x 6cm.
        - Small gold-colored emblem near the collar, partially obscured. Approximately 1cm diameter.
        - ""URUS"" branding on the inner zipper placket, repeated twice. Approximately 3cm x 1cm each.

**CONSTRUCTION_DETAILS:**
    - Stitching: Predominantly overlock stitching visible along seams.
    - Closures: Full-length metal zipper closure.
    - Pockets: Two side pockets visible, likely welt pockets.
    - Elastics: Ribbed cuffs at the sleeves and a ribbed waistband.

**VISIBLE_CARE_LABELS:** NO

**VISUAL_STATE:** CLEAN and PRESENTABLE. 



"
IMG-1776093475216-12-246,CAMP6709,1SRW5rj2pJ3WwNkUBHj1lAHfqqyKDYwwB,BD_PRODUCTO_IMAGENES_Images/CAMP6709/CAMP6709-1aUcX.jpg,1aUcXAVRKipVnr_e8P6RaX5IWzI5Xy5QO,https://www.appsheet.com/template/gettablefileurl?appName=CASTFERSYSTEMV1-201513855&tableName=BD_PRODUCTO_IMAGENES&fileName=BD_PRODUCTO_IMAGENES_Images%2FCAMP6709%2FCAMP6709-1aUcX.jpg,FALSE,13/4/2026,IA_Gemini,FALSE,imagen,https://www.appsheet.com/template/gettablefileurl?appName=CASTFERSYSTEMV1-201513855&tableName=BD_PRODUCTO_IMAGENES&fileName=BD_PRODUCTO_IMAGENES_Images%2FCAMP6709%2FCAMP6709-1aUcX.jpg,"## ART DIRECTIVE - JACKET

RAZONAMIENTO: La cremallera central y el cuello alto determinan la orientación frontal en las imágenes 1, 2 y 3. La etiqueta interna y la ausencia de cremallera en la imagen 4 confirman la orientación trasera.

AUDITORÍA VISUAL: CHAQUETA. Imagen 1 (FRONT): Chaqueta acolchada gris con detalles en blanco y negro. Logotipos ""Taste TastemyTaste"", ""ProTMT ENERGY"", ""STARTER CLUB"" y ""STUDIO"". Cremallera frontal abierta. Imagen 2 (FRONT): Mismo detalle que imagen 1, con enfoque en los logotipos y la textura acolchada. Imagen 3 (FRONT): Vista general de la chaqueta, mostrando el corte y los puños. Imagen 4 (BACK): Interior de la chaqueta, con etiqueta ""URUS"" en la parte inferior de la cremallera.

 
Composición split-view de alta fidelidad mostrando vista frontal y trasera sincronizada. Un modelo hombre profesional posando en un estudio con fondo gris claro (#F2F2F2), iluminado con luces suaves de estudio. El modelo lleva una chaqueta acolchada gris con detalles en blanco y negro, con logotipos ""Taste TastemyTaste"", ""ProTMT ENERGY"", ""STARTER CLUB"" y ""STUDIO"" en la parte frontal. La chaqueta tiene una cremallera frontal y puños blancos con rayas grises. La vista trasera muestra el interior de la chaqueta con la etiqueta ""URUS"" visible en la parte inferior de la cremallera. Accesorios automáticos (IA).

FICHA TÉCNICA DE GENERACIÓN (OBLIGATORIA):
- MANDATO DE COLOR: Diseño con la paleta de colores detectada (Gris, Blanco, Negro, Verde).
- RELACIÓN DE ASPECTO: 3:4 (Mandatorio).
- MODELO OPTIMIZADO: gemini-3.1-flash-image-preview.","0,092656",12,,
IMG-1776093809848-14-262,CAMP6709,1SRW5rj2pJ3WwNkUBHj1lAHfqqyKDYwwB,BD_PRODUCTO_IMAGENES_Images/CAMP6709/CAMP6709-1z7OC.jpg,1z7OCMonIIlhLvk2JGR4FEpuge5LpOy-r,https://www.appsheet.com/template/gettablefileurl?appName=CASTFERSYSTEMV1-201513855&tableName=BD_PRODUCTO_IMAGENES&fileName=BD_PRODUCTO_IMAGENES_Images%2FCAMP6709%2FCAMP6709-1z7OC.jpg,TRUE,13/4/2026,IA_Gemini,TRUE,imagen,https://www.appsheet.com/template/gettablefileurl?appName=CASTFERSYSTEMV1-201513855&tableName=BD_PRODUCTO_IMAGENES&fileName=BD_PRODUCTO_IMAGENES_Images%2FCAMP6709%2FCAMP6709-1z7OC.jpg,"RAZONAMIENTO: La orientación se determina por la presencia de la cremallera frontal, el cuello alto y los parches visibles en el frente de la prenda. La capucha también indica la parte superior de la prenda.

AUDITORÍA VISUAL: Chaqueta bomber. La imagen muestra la vista frontal de la chaqueta, con parches de ""Taste"", ""ProTMT Energy"" y ""Starter"" en el lado izquierdo y derecho del pecho, respectivamente. Se observa una cremallera frontal completa con detalles metálicos plateados. Los puños y el cuello están acanalados en blanco. La chaqueta tiene un diseño acolchado en el cuerpo principal y mangas en un color contrastante.

 
Un modelo masculino de apariencia moderna posa con una chaqueta bomber acolchada de color gris. La chaqueta presenta parches distintivos de ""Taste"", ""ProTMT Energy"" y ""Starter"" en el pecho. La iluminación es suave y uniforme, creando un ambiente de estudio profesional con un fondo gris claro (#F2F2F2). La composición es equilibrada, centrando la atención en la chaqueta y el modelo, con un margen de espacio negativo del 15% alrededor de la imagen. La chaqueta está completamente abrochada, mostrando la cremallera plateada y los detalles del cuello acanalado.

FICHA TÉCNICA DE GENERACIÓN (OBLIGATORIA):
- MANDATO DE COLOR: Diseño con la paleta de colores detectada.
- RELACIÓN DE ASPECTO: 3:4 (Mandatorio).
- MODELO OPTIMIZADO: gemini-3.1-flash-image-preview.","0,0891705",1,,"## Forensic Garment Analysis Report

**GARMENT_TYPE:** Bomber Jacket
**DETECTED_POSITION:** FRONT
**SUPPORT_CONTEXT:** ON_MANNEQUIN

**PRIMARY_COLOR:**
    - Technical Name: Light Gray
    - HEX Code: #D3D3D3 (estimated)
    - Type: SOLID
    - Pattern Details: Quilted pattern with horizontal and vertical stitching creating a grid-like texture. Sleeves are a contrasting off-white.

**ESTIMATED_MATERIAL:** Padded synthetic material, potentially a nylon or polyester outer shell with synthetic insulation. The sleeves appear to be a smoother, potentially coated fabric.

**LOGOS_OR_BRANDING:**
    - Visible: YES
    - Details:
        - ""Taste"" logo patch on the upper left chest, approximately 7cm x 5cm.
        - ""Starter"" logo patch on the upper right chest, approximately 8cm x 6cm.
        - ""50"" emblem integrated into the ""Starter"" logo.
        - Small logo visible on the lower left sleeve, partially obscured, approximately 3cm x 2cm.
        - A logo is visible on the hood drawstring, approximately 1cm x 0.5cm.

**CONSTRUCTION_DETAILS:**
    - Stitching: Predominantly quilted stitching throughout the body. Appears to be a combination of straight and zig-zag stitching.
    - Closures: Full-length metal zipper closure at the front.
    - Pockets: Two side welt pockets with angled openings.
    - Elastics: Ribbed cuffs at the sleeve openings. Ribbed waistband. Drawstring hood.

**VISIBLE_CARE_LABELS:** NO

**VISUAL_STATE:** CLEAN and PRESENTABLE. Mannequin visible.



"
IMG-1776094172010-16-764,CAMP6709,1SRW5rj2pJ3WwNkUBHj1lAHfqqyKDYwwB,BD_PRODUCTO_IMAGENES_Images/CAMP6709/CAMP6709-1J5_g.jpg,1J5_gs0NdcC-zDb4M8CiebLm3Ts8W3XyU,https://www.appsheet.com/template/gettablefileurl?appName=CASTFERSYSTEMV1-201513855&tableName=BD_PRODUCTO_IMAGENES&fileName=BD_PRODUCTO_IMAGENES_Images%2FCAMP6709%2FCAMP6709-1J5_g.jpg,TRUE,13/4/2026,IA_Gemini,FALSE,imagen,https://www.appsheet.com/template/gettablefileurl?appName=CASTFERSYSTEMV1-201513855&tableName=BD_PRODUCTO_IMAGENES&fileName=BD_PRODUCTO_IMAGENES_Images%2FCAMP6709%2FCAMP6709-1J5_g.jpg,"PROTOCOLO DE DERIVACIÓN DE ÁNGULO (PHASE 5):
      - OBJETIVO: Generar una vista de Vista Trasera (Back View).
      - REFERENCIA MAESTRA: La ÚLTIMA imagen adjunta es tu referencia de consistencia absoluta. 
      - REGLAS ESTRICTAS:
        
        1. MANTÉN al mismo modelo humano (características físicas, piel, cabello).
        2. MANTÉN exactamente el mismo fondo y entorno (mismo gimnasio/estudio/calle).
        
        3. MANTÉN la misma iluminación y postprocesado.
        4. CAMBIA la posición de la prenda para mostrarla desde el ángulo: Vista Trasera (Back View).
      - LIMITACIÓN DE CONTEXTO: Si las imágenes originales no muestran detalles específicos de este ángulo (ej: espalda), infiere la continuidad de la textura de forma sobria y profesional.
      - PROMPT BASE DE ESTILO: RAZONAMIENTO: La orientación se determina por la presencia de la cremallera frontal, el cuello alto y los parches visibles en el frente de la prenda. La capucha también indica la parte superior de la prenda.

AUDITORÍA VISUAL: Chaqueta bomber. La imagen muestra la vista frontal de la chaqueta, con parches de ""Taste"", ""ProTMT Energy"" y ""Starter"" en el lado izquierdo y derecho del pecho, respectivamente. Se observa una cremallera frontal completa con detalles metálicos plateados. Los puños y el cuello están acanalados en blanco. La chaqueta tiene un diseño acolchado en el cuerpo principal y mangas en un color contrastante.

 
Un modelo masculino de apariencia moderna posa con una chaqueta bomber acolchada de color gris. La chaqueta presenta parches distintivos de ""Taste"", ""ProTMT Energy"" y ""Starter"" en el pecho. La iluminación es suave y uniforme, creando un ambiente de estudio profesional con un fondo gris claro (#F2F2F2). La composición es equilibrada, centrando la atención en la chaqu","0,08705",2,,"## Forensic Garment Analysis Report

**GARMENT_TYPE:** Bomber

**DETECTED_POSITION:** BACK

**SUPPORT_CONTEXT:** ON_MANNEQUIN

**PRIMARY_COLOR:**
    - Technical Name: Light Gray / Off-White
    - HEX Code: #D3D3D3 (Gray) / #F8F8FF (Off-White)
    - Type: SOLID
    - Pattern Details: Quilted pattern on the gray sections.

**ESTIMATED_MATERIAL:** Cire ecocuero (based on reference data) or a similar coated synthetic material. The body appears to be a padded, potentially nylon or polyester, material. Sleeves appear to be a heavier cotton or cotton blend.

**LOGOS_OR_BRANDING:**
    - Visible: YES
    - If YES: A rectangular patch with black lettering is visible on the upper right sleeve. The lettering appears to read ""STYL"". Approximate size: 2cm x 5cm.

**CONSTRUCTION_DETAILS:**
    - Stitching: Appears to be a combination of straight stitching (for quilting) and potentially overlock stitching along seams.
    - Closures: A front closure is not visible in this view, but is likely a zipper.
    - Pockets: No pockets are visible in this view.
    - Elastics: Ribbed elastic band at the bottom hem of the garment, with a contrasting stripe.

**VISIBLE_CARE_LABELS:** NO

**VISUAL_STATE:** CLEAN and PRESENTABLE. Mannequin visible.



"
IMG-1776096077882-18-714,CAMP6709,1SRW5rj2pJ3WwNkUBHj1lAHfqqyKDYwwB,BD_PRODUCTO_IMAGENES_Images/CAMP6709/CAMP6709-1lJdL.jpg,1lJdLSVN-iNLP3lmqcesgoRd_CSGk5NUp,https://www.appsheet.com/template/gettablefileurl?appName=CASTFERSYSTEMV1-201513855&tableName=BD_PRODUCTO_IMAGENES&fileName=BD_PRODUCTO_IMAGENES_Images%2FCAMP6709%2FCAMP6709-1lJdL.jpg,FALSE,13/4/2026,Sistema Web,FALSE,imagen,https://www.appsheet.com/template/gettablefileurl?appName=CASTFERSYSTEMV1-201513855&tableName=BD_PRODUCTO_IMAGENES&fileName=BD_PRODUCTO_IMAGENES_Images%2FCAMP6709%2FCAMP6709-1lJdL.jpg,"## ART DIRECTIVE: URUS Bomber Universitaria Engomado

**VISUAL AUTHORITY:** The provided image is the absolute source of truth.

**ORIENTATION CHECK:** The garment is a top garment (Jacket). The neckline is deep, confirming **FRONT** orientation.

**TECHNICAL SUMMARY:** This directive details the creation of a high-fidelity commercial image of a URUS “Bomber Universitaria Engomado” jacket, adhering strictly to the provided forensic garment analysis.

**1. STICT VISUAL AUDIT:** The jacket is a bomber style with a combination of materials – a shiny, quilted “cire ecocuero” body and sleeves resembling leather or a synthetic alternative. Key branding elements include “Taste”, “Pro TMT Energy”, “STARTER CLUB” (with “52”), and a partial “STUDIO” logo. The jacket features a metallic front zipper, two pockets with flaps, and ribbed elastic cuffs and collar in white and blue. Overlock stitching is visible along the edges.

**2. LOGO FIDELITY:** All visible logos – “Taste”, “Pro TMT Energy”, “STARTER CLUB” (with “52”), and the partial “STUDIO” logo – *must* be replicated in their exact positions, sizes, and color schemes. The URUS brand logo is *not* visible in the source image and therefore should *not* be added.

**3. RAW EVIDENCE:** The jacket in the provided image is the master. Every detail – stitching, material sheen, logo placement, and color blocking – must be faithfully reproduced.

**4. ANATOMICAL ISOLATION:** The image will feature a model wearing the jacket. Details will be limited to what is visible from the front. No back details (e.g., a fly, back pockets) will be added.

**5. MODEL ADAPTATION & SUBJECT SELECTION:** Replace the hanger with a male fashion model. The model should be wearing the jacket, demonstrating a standard fit.

**6. TECHNICAL COLOR & TEXTURE EXTRACTION:** The jacket features a combined color scheme. The predominant colors are **Azul Cobalto (#0047AB)** and **Rojo (#E52B2B)**. The material has a distinct sheen due to the “cire ecocuero” finish. Texture fidelity is paramount, capturing the quilted texture of the body and the smooth appearance of the sleeves.

**7. UNIVERSAL CLEANUP:** Remove all hangers, tags, labels, and cardboard hangtags.



**PROMPT MAESTRO (PARA IMAGEN 4 ULTRA):**

Fotografía de catálogo de alta calidad de un hombre moderno y atractivo, vistiendo una bomber universitaria engomada de la marca URUS. La bomber es de color azul cobalto (#0047AB) y rojo (#E52B2B), con detalles en blanco y un acabado brillante. La prenda presenta apliques bordados y estampados con los logotipos ""Taste"", ""Pro TMT Energy"" y ""STARTER CLUB"" (con el número ""52"").  La chaqueta tiene una capucha con cordón, puños y cuello elásticos, y dos bolsillos frontales con solapa. El modelo posa en un estudio fotográfico con fondo gris claro (#F2F2F2) y una iluminación suave y uniforme. La imagen debe ser nítida, con colores vibrantes y una presentación impecable, ideal para comercio electrónico.  La textura del material debe ser visible, mostrando el acabado engomado y el acolchado.

**FICHA TÉCNICA DE GENERACIÓN (OBLIGATORIA):**

*   **MANDATO DE COLOR:** La prenda presenta un diseño con la paleta de colores detectada, manteniendo fidelidad absoluta de la textura original.
*   **RELACIÓN DE ASPECTO:** 3:4 (Mandatorio).
*   **MODELO OPTIMIZADO:** gemini-3.1-flash-image-preview.
*   **ACCESSORIES:** Auto (IA).



",,18,,
IMG-1776096078473-20-428,CAMP6709,1SRW5rj2pJ3WwNkUBHj1lAHfqqyKDYwwB,BD_PRODUCTO_IMAGENES_Images/CAMP6709/CAMP6709-1-YGJ.jpg,1-YGJwjcj33SZPbOb4AzmTyxmIxtDmLCk,https://www.appsheet.com/template/gettablefileurl?appName=CASTFERSYSTEMV1-201513855&tableName=BD_PRODUCTO_IMAGENES&fileName=BD_PRODUCTO_IMAGENES_Images%2FCAMP6709%2FCAMP6709-1-YGJ.jpg,FALSE,13/4/2026,Sistema Web,FALSE,imagen,https://www.appsheet.com/template/gettablefileurl?appName=CASTFERSYSTEMV1-201513855&tableName=BD_PRODUCTO_IMAGENES&fileName=BD_PRODUCTO_IMAGENES_Images%2FCAMP6709%2FCAMP6709-1-YGJ.jpg,"## ART DIRECTIVE: URUS Bomber Universitaria Engomado

**OVERVIEW:** Generate a high-fidelity commercial image for the URUS ""Bomber universitaria engomado"" jacket, adhering strictly to the provided forensic garment analysis and style guidelines. The image will be used for a premium e-commerce catalog.

**I. VISUAL AUTHORITY & TECHNICAL SPECIFICATIONS:**

*   **Source of Truth:** The attached image is the absolute visual reference.
*   **Garment Type:** Campera (Bomber Jacket)
*   **Orientation:** FRONT. (Confirmed by deep neckline and straight collar).
*   **Color:** The garment is obligatoriamente de color Marrón rojizo (Terracota) with exact HEX code #A67B5B.
*   **Material:** Cire ecocuero (synthetic leather with a glossy finish).
*   **Logos & Branding:**  Maintain *all* visible logos and their precise placement:
    *   ""Taste"" and ""Pro TMT Energy"" on the upper left chest (approx. 8-12cm diameter).
    *   ""Starter Club"" on the upper right chest (approx. 8-12cm diameter).
    *   ""STUDIO"" on the left sleeve (approx. 8-12cm diameter).
    *   Additional logos on the upper back and lower front of the jacket.
*   **Construction Details:**  Accurately replicate:
    *   Visible overlock stitching on edges and seams.
    *   Metallic (YKK) front zipper.
    *   Two side pockets with metallic zippers.
    *   Elastic ribbing on cuffs, collar, and hem.

**II. MODEL & ENVIRONMENT:**

*   **Model:** Hombre (Male) professional fashion model.
*   **Pose:** Natural, relaxed pose showcasing the jacket's fit and style.  Avoid overly stylized or dramatic poses.
*   **Background:** Neutral professional studio – Light Gray (#F2F2F2).  Seamless, clean background.
*   **Lighting:** Uniform high-key studio softbox lighting.  Minimize harsh shadows.  Focus on even illumination to showcase the jacket’s texture and color.
*   **Accessories:** Auto (IA) - Allow the AI to suggest appropriate, subtle accessories that complement the jacket without distracting from it.

**III. RAW MASTER PROMPT (Spanish):**

Fotografía de catálogo comercial de alta calidad de un modelo masculino vistiendo una bomber universitaria engomada de la marca URUS. La bomber es de color marrón rojizo terracota (#A67B5B) con acabado de cire ecocuero brillante.  La prenda presenta múltiples parches y logos: ""Taste"" y ""Pro TMT Energy"" en el pecho izquierdo, ""Starter Club"" en el pecho derecho, y ""STUDIO"" en la manga izquierda.  Se deben replicar fielmente las costuras overlock visibles, la cremallera metálica frontal, los bolsillos laterales con cremallera y el ribete elástico en puños, cuello y parte inferior. El fondo es gris claro (#F2F2F2) y la iluminación es suave y uniforme.  El modelo debe tener una pose natural y relajada. Eliminar cualquier etiqueta, colgador o accesorio innecesario.

**IV. TECHNICAL GENERATION DETAILS:**

*   **COLOR MANDATE:** La prenda es obligatoriamente de color Marrón rojizo (Terracota) con código HEX #A67B5B exacto.
*   **ASPECT RATIO:** 3:4 (Mandatory).
*   **TARGET GENERATION MODEL:** gemini-3.1-flash-image-preview.



**V. QUALITY CONTROL CHECKLIST:**

*   **Logo Fidelity:** Verify all logos are present, correctly positioned, and accurately sized.
*   **Color Accuracy:** Confirm the jacket’s color matches the specified HEX code (#A67B5B).
*   **Material Representation:** Ensure the cire ecocuero material is realistically rendered with a glossy finish.
*   **Stitching Detail:**  Check for accurate representation of overlock stitching.
*   **Cleanliness:**  Confirm the removal of all tags, hangers, and unwanted elements.
*   **Overall Aesthetic:**  Ensure the image aligns with a premium e-commerce catalog aesthetic – clean, professional, and visually appealing.



",,20,,
IMG-1776096079111-22-141,CAMP6709,1SRW5rj2pJ3WwNkUBHj1lAHfqqyKDYwwB,BD_PRODUCTO_IMAGENES_Images/CAMP6709/CAMP6709-1-vK-.jpg,1-vK-3Gxe-WgDcpPicZTD2PLVv4d4hhDd,https://www.appsheet.com/template/gettablefileurl?appName=CASTFERSYSTEMV1-201513855&tableName=BD_PRODUCTO_IMAGENES&fileName=BD_PRODUCTO_IMAGENES_Images%2FCAMP6709%2FCAMP6709-1-vK-.jpg,FALSE,13/4/2026,Sistema Web,FALSE,imagen,https://www.appsheet.com/template/gettablefileurl?appName=CASTFERSYSTEMV1-201513855&tableName=BD_PRODUCTO_IMAGENES&fileName=BD_PRODUCTO_IMAGENES_Images%2FCAMP6709%2FCAMP6709-1-vK-.jpg,"## ART DIRECTIVE: URUS Bomber Universitaria Engomado

**OVERVIEW:** Generate a high-fidelity commercial image of the URUS “Bomber Universitaria Engomado” jacket for a premium e-commerce catalog. The attached image is the absolute source of truth for all visual details.

**1. STICKT VISUAL AUDIT & RAW EVIDENCE:** The jacket in the provided image is the MASTER. Every detail – stitching, logos, textures, color blocking – must be replicated precisely.

**2. ORIENTATION CHECK:**  The jacket’s neckline is deep and the collar is straight, indicating **FRONT** orientation.

**3. LOGO FIDELITY:** Logos are prominently visible. 
    * **STARTER:** Large patch on the upper right chest, approximately 12cm x 12cm.
    * **Taste:** Patch on the upper left chest, approximately 8cm x 8cm.
    * **Studio:** Patch on the lower left chest, approximately 8cm x 8cm.
    * **Pro TMT:** Patch on the lower left chest, approximately 8cm x 8cm.

**4. ANATOMICAL ISOLATION:** Focus solely on the visible front of the jacket. Do not add details to the back.

**5. MODEL ADAPTATION & SUBJECT SELECTION:** Replace the ghost mannequin with a male fashion model with a clara/blanca skin tone. The jacket should be worn on-body. Standard Fit.

**6. TECHNICAL COLOR & TEXTURE EXTRACTION:** The jacket features a complex design with multiple colors and textures. Prioritize **TEXTURE FIDELITY** over single color extraction. The color palette includes:
    * **Black:** #333333
    * **Beige:** #F5F5DC
    * **Red:** #D9534F
    The material appears to be a cire ecocuero with a subtle sheen. The patches have a distinct texture due to the sublimation/printing process.

**7. UNIVERSAL CLEANUP:** Remove all hangers, tags, and labels.

**8. STYLE INSTRUCTIONS:**

*   **Background:** Neutral professional studio – Light Gray (#F2F2F2).
*   **Lighting:** Uniform high-key studio softbox lighting.
*   **Style:** Commercial catalog photography.
*   **Composition:**  The model should be posed in a natural, confident stance, showcasing the jacket’s fit and style.



**PROMPT MAESTRO (PARA IMAGEN 4 ULTRA):**

Fotografía de catálogo de alta calidad de un modelo masculino de piel clara, vistiendo una bomber universitaria engomada de la marca URUS. La bomber es de color negro, beige y rojo, con parches bordados de las marcas ""STARTER"", ""Taste"", ""Studio"" y ""Pro TMT"" en el pecho. La chaqueta tiene un cierre metálico frontal, puños y cintura elásticos, y dos bolsillos laterales con cierre metálico. El fondo es gris claro y la iluminación es suave y uniforme. La imagen debe ser nítida, con detalles precisos de la textura y los colores de la prenda. La pose del modelo debe ser natural y mostrar la silueta de la bomber.

**FICHA TÉCNICA DE GENERACIÓN (OBLIGATORIA):**

*   **MANDATO DE COLOR:** La prenda presenta un diseño con la paleta de colores detectada, manteniendo fidelidad absoluta de la textura original.
*   **RELACIÓN DE ASPECTO:** 3:4 (Mandatorio).
*   **MODELO OPTIMIZADO:** gemini-3.1-flash-image-preview.



",,22,,
IMG-1776096079751-24-96,CAMP6709,1SRW5rj2pJ3WwNkUBHj1lAHfqqyKDYwwB,BD_PRODUCTO_IMAGENES_Images/CAMP6709/CAMP6709-1bneC.jpg,1bneCPfDs-VZnXKVEb5O72vxELyhVsj02,https://www.appsheet.com/template/gettablefileurl?appName=CASTFERSYSTEMV1-201513855&tableName=BD_PRODUCTO_IMAGENES&fileName=BD_PRODUCTO_IMAGENES_Images%2FCAMP6709%2FCAMP6709-1bneC.jpg,FALSE,13/4/2026,Sistema Web,FALSE,imagen,https://www.appsheet.com/template/gettablefileurl?appName=CASTFERSYSTEMV1-201513855&tableName=BD_PRODUCTO_IMAGENES&fileName=BD_PRODUCTO_IMAGENES_Images%2FCAMP6709%2FCAMP6709-1bneC.jpg,"## ART DIRECTIVE: URUS Bomber Universitaria Engomado

**VISUAL AUTHORITY:** The provided image is the absolute source of truth.

**ORIENTATION CHECK:** Top Garment (Jacket). The neckline is deep, indicating the front of the jacket. The collar is straight, confirming this orientation.

**ANATOMICAL ISOLATION:** Focus solely on the visible front of the jacket. Do not add details to the back.

**MODEL ADAPTATION & SUBJECT SELECTION:** Replace the hanging garment with a male fashion model wearing the bomber jacket. The model should have a standard fit physique.

**TECHNICAL COLOR & TEXTURE EXTRACTION:** The jacket is predominantly a solid color. **La prenda es obligatoriamente de color Rojo intenso/Carmín con código HEX #D9534F exacto.** The material is cire ecocuero with a noticeable sheen and slight quilting. Maintain the texture of the material.

**LOGO FIDELITY:** The ""STARTER"" logo is prominently visible on the left chest, approximately 10cm high, embroidered in white with a black outline. The ""URUS 5KM"" label is visible inside the collar. Multiple patches are present on the left sleeve, including ""Studio"", ""Fasto"", and ""Pro TM"". All logos and patches must be replicated exactly as they appear in the reference image.

**DETAILED CONSTRUCTION:** Replicate the double-needle stitching on the edges and cuffs, and the overlock stitching on the panel seams. Include the silver metallic zipper closure, the two side pockets with metallic zippers, and the ribbed elastic cuffs and waistband.

**UNIVERSAL CLEANUP:** Remove all hangers, tags, and labels.

**STYLE INSTRUCTIONS:**

*   **Background:** Neutral professional studio (Light Gray #F2F2F2).
*   **Subject:** Professional male fashion model wearing the jacket.
*   **Lighting:** Uniform high-key studio softbox lighting.
*   **Style:** Commercial catalog photography.

**PROMPT MAESTRO (PARA IMAGEN 4 ULTRA):**

Fotografía de catálogo de alta calidad de un modelo masculino vistiendo una bomber universitaria engomada de la marca URUS. La bomber es de color rojo intenso (#D9534F) con detalles en blanco y negro. La prenda presenta el logo ""STARTER"" bordado en blanco con contorno negro en el pecho izquierdo, y parches con los logos ""Studio"", ""Fasto"" y ""Pro TM"" en la manga izquierda. La bomber tiene un acabado brillante y ligeramente acolchado, con puños y cintura elásticos acanalados. El modelo posa en un estudio con fondo gris claro (#F2F2F2) bajo una iluminación suave y uniforme. La imagen debe ser nítida, con colores vibrantes y una presentación impecable, ideal para comercio electrónico.

**FICHA TÉCNICA DE GENERACIÓN (OBLIGATORIA):**

*   **MANDATO DE COLOR:** La prenda es obligatoriamente de color Rojo intenso/Carmín con código HEX #D9534F exacto.
*   **RELACIÓN DE ASPECTO:** 3:4 (Mandatorio).
*   **MODELO OPTIMIZADO:** gemini-3.1-flash-image-preview.



",,24,,
IMG-1776096318396-26-544,CAMP6709,1SRW5rj2pJ3WwNkUBHj1lAHfqqyKDYwwB,BD_PRODUCTO_IMAGENES_Images/CAMP6709/CAMP6709-1JaFD.jpg,1JaFDJaaDqosPRcXg_LFJ4NoxCYNS-q8f,https://www.appsheet.com/template/gettablefileurl?appName=CASTFERSYSTEMV1-201513855&tableName=BD_PRODUCTO_IMAGENES&fileName=BD_PRODUCTO_IMAGENES_Images%2FCAMP6709%2FCAMP6709-1JaFD.jpg,FALSE,13/4/2026,IA_Gemini,FALSE,imagen,https://www.appsheet.com/template/gettablefileurl?appName=CASTFERSYSTEMV1-201513855&tableName=BD_PRODUCTO_IMAGENES&fileName=BD_PRODUCTO_IMAGENES_Images%2FCAMP6709%2FCAMP6709-1JaFD.jpg,"## ART DIRECTIVE: URUS Bomber Universitaria Engomado

**OVERVIEW:** Generate a high-fidelity commercial image of the URUS “Bomber Universitaria Engomado” jacket for a premium e-commerce catalog. The attached image is the absolute source of truth for all visual details.

**1. STICKT VISUAL AUDIT & RAW EVIDENCE:** The jacket in the provided image is the MASTER. Every detail – stitching, logos, textures, color blocking – must be replicated precisely.

**2. ORIENTATION CHECK:**  The jacket’s neckline is deep and the collar is straight, indicating **FRONT** orientation.

**3. LOGO FIDELITY:** Logos are prominently visible. 
    * **STARTER:** Large patch on the upper right chest, approximately 12cm x 12cm.
    * **Taste:** Patch on the upper left chest, approximately 8cm x 8cm.
    * **Studio:** Patch on the lower left chest, approximately 8cm x 8cm.
    * **Pro TMT:** Patch on the lower left chest, approximately 8cm x 8cm.

**4. ANATOMICAL ISOLATION:** Focus solely on the visible front of the jacket. Do not add details to the back.

**5. MODEL ADAPTATION & SUBJECT SELECTION:** Replace the ghost mannequin with a male fashion model with a clara/blanca skin tone. The jacket should be worn on-body. Standard Fit.

**6. TECHNICAL COLOR & TEXTURE EXTRACTION:** The jacket features a complex design with multiple colors and textures. Prioritize **TEXTURE FIDELITY** over single color extraction. The color palette includes:
    * **Black:** #333333
    * **Beige:** #F5F5DC
    * **Red:** #D9534F
    The material appears to be a cire ecocuero with a subtle sheen. The patches have a distinct texture due to the sublimation/printing process.

**7. UNIVERSAL CLEANUP:** Remove all hangers, tags, and labels.

**8. STYLE INSTRUCTIONS:**

*   **Background:** Neutral professional studio – Light Gray (#F2F2F2).
*   **Lighting:** Uniform high-key studio softbox lighting.
*   **Style:** Commercial catalog photography.
*   **Composition:**  The model should be posed in a natural, confident stance, showcasing the jacket’s fit and style.



****

Fotografía de catálogo de alta calidad de un modelo masculino de piel clara, vistiendo una bomber universitaria engomada de la marca URUS. La bomber es de color negro, beige y rojo, con parches bordados de las marcas ""STARTER"", ""Taste"", ""Studio"" y ""Pro TMT"" en el pecho. La chaqueta tiene un cierre metálico frontal, puños y cintura elásticos, y dos bolsillos laterales con cierre metálico. El fondo es gris claro y la iluminación es suave y uniforme. La imagen debe ser nítida, con detalles precisos de la textura y los colores de la prenda. La pose del modelo debe ser natural y mostrar la silueta de la bomber.

**FICHA TÉCNICA DE GENERACIÓN (OBLIGATORIA):**

*   **MANDATO DE COLOR:** La prenda presenta un diseño con la paleta de colores detectada, manteniendo fidelidad absoluta de la textura original.
*   **RELACIÓN DE ASPECTO:** 3:4 (Mandatorio).
*   **MODELO OPTIMIZADO:** gemini-3.1-flash-image-preview.","0,090933",26,,
IMG-1776096446896-28-370,CAMP6709,1SRW5rj2pJ3WwNkUBHj1lAHfqqyKDYwwB,BD_PRODUCTO_IMAGENES_Images/CAMP6709/CAMP6709-1JTmX.jpg,1JTmXnlyEBvojQ1SHY8ywEV68bGf1rC2f,https://www.appsheet.com/template/gettablefileurl?appName=CASTFERSYSTEMV1-201513855&tableName=BD_PRODUCTO_IMAGENES&fileName=BD_PRODUCTO_IMAGENES_Images%2FCAMP6709%2FCAMP6709-1JTmX.jpg,TRUE,13/4/2026,IA_Gemini,FALSE,imagen,https://www.appsheet.com/template/gettablefileurl?appName=CASTFERSYSTEMV1-201513855&tableName=BD_PRODUCTO_IMAGENES&fileName=BD_PRODUCTO_IMAGENES_Images%2FCAMP6709%2FCAMP6709-1JTmX.jpg,"INSTRUCCIÓN DE CORRECCIÓN: El usuario no está conforme con la imagen generada anteriormente (la última imagen adjunta). 
        FEEDBACK DEL USUARIO: ""la campera no es tan brillosa"". 
        Por favor, genera una NUEVA imagen basada en las referencias originales pero aplicando las correcciones solicitadas. 
        Manten la consistencia con las primeras imágenes del set.
        PROMPT ORIGINAL: ## ART DIRECTIVE: URUS Bomber Universitaria Engomado

**OVERVIEW:** Generate a high-fidelity commercial image of the URUS “Bomber Universitaria Engomado” jacket for a premium e-commerce catalog. The attached image is the absolute source of truth for all visual details.

**1. STICKT VISUAL AUDIT & RAW EVIDENCE:** The jacket in the provided image is the MASTER. Every detail – stitching, logos, textures, color blocking – must be replicated precisely.

**2. ORIENTATION CHECK:**  The jacket’s neckline is deep and the collar is straight, indicating **FRONT** orientation.

**3. LOGO FIDELITY:** Logos are prominently visible. 
    * **STARTER:** Large patch on the upper right chest, approximately 12cm x 12cm.
    * **Taste:** Patch on the upper left chest, approximately 8cm x 8cm.
    * **Studio:** Patch on the lower left chest, approximately 8cm x 8cm.
    * **Pro TMT:** Patch on the lower left chest, approximately 8cm x 8cm.

**4. ANATOMICAL ISOLATION:** Focus solely on the visible front of the jacket. Do not add details to the back.

**5. MODEL ADAPTATION & SUBJECT SELECTION:** Replace the ghost mannequin with a male fashion model with a clara/blanca skin tone. The jacket should be worn on-body. Standard Fit.

**6. TECHNICAL COLOR & TEXTURE EXTRACTION:** The jacket features a complex design with multiple colors and textures. Prioritize **TEXTURE FIDELITY** over single color extraction. The color palette includes:
    * **Black:** #333333
    * **Beige:** #F5F5DC
    * **Red:** #D9534F
    The material appears to be a cire ecocuero with a subtle sheen. The patches have a distinct texture due to the sublimation/printing process.

**7. UNIVERSAL CLEANUP:** Remove all hangers, tags, and labels.

**8. STYLE INSTRUCTIONS:**

*   **Background:** Neutral professional studio – Light Gray (#F2F2F2).
*   **Lighting:** Uniform high-key studio softbox lighting.
*   **Style:** Commercial catalog photography.
*   **Composition:**  The model should be posed in a natural, confident stance, showcasing the jacket’s fit and style.



****

Fotografía de catálogo de alta calidad de un modelo masculino de piel clara, vistiendo una bomber universitaria engomada de la marca URUS. La bomber es de color negro, beige y rojo, con parches bordados de las marcas ""STARTER"", ""Taste"", ""Studio"" y ""Pro TMT"" en el pecho. La chaqueta tiene un cierre metálico frontal, puños y cintura elásticos, y dos bolsillos laterales con cierre metálico. El fondo es gris claro y la iluminación es suave y uniforme. La imagen debe ser nítida, con detalles precisos de la textura y los colores de la prenda. La pose del modelo debe ser natural y mostrar la silueta de la bomber.

**FICHA TÉCNICA DE GENERACIÓN (OBLIGATORIA):**

*   **MANDATO DE COLOR:** La prenda presenta un diseño con la paleta de colores detectada, manteniendo fidelidad absoluta de la textura original.
*   **RELACIÓN DE ASPECTO:** 3:4 (Mandatorio).
*   **MODELO OPTIMIZADO:** gemini-3.1-flash-image-preview.","0,088125",4,,"## Forensic Garment Analysis Report

**GARMENT_TYPE:** Bomber Jacket
**DETECTED_POSITION:** FRONT
**SUPPORT_CONTEXT:** ON_MANNEQUIN

**PRIMARY_COLOR:**
    - Technical Name: Black
    - HEX Code: #000000 (estimated, based on visual assessment)
    - Type: SOLID
    - Pattern Details: None

**ESTIMATED_MATERIAL:** Cire Ecocuero (based on database metadata) with quilted padding. Sleeves appear to be a different material, potentially a durable synthetic fabric, possibly nylon or polyester.

**LOGOS_OR_BRANDING:**
    - Visible: YES
    - Details:
        - ""Starter"" logo patch, approximately 10cm x 8cm, centered on the chest. Features a letter ""R"" within a shield design.
        - ""Taste"" logo patch on the left sleeve, approximately 8cm x 5cm.
        - ""Pro TM1"" logo patch on the left sleeve, approximately 6cm x 4cm.
        - Small rectangular patch with text ""RADIO"" on the left sleeve, approximately 3cm x 1cm.
        - Small rectangular patch with text on the right sleeve, approximately 3cm x 1cm.

**CONSTRUCTION_DETAILS:**
    - Stitching: Appears to be a combination of straight stitching and potentially some topstitching along seams and logo applications.
    - Closures: Full-length metal zipper closure at the front.
    - Pockets: Two side welt pockets.
    - Elastics: Ribbed cuffs at the wrists and a ribbed waistband. Hood with drawstring.

**VISIBLE_CARE_LABELS:** NO

**VISUAL_STATE:** CLEAN and PRESENTABLE. Mannequin visible.



"
IMG-1776097920994-30-589,CAMP6709,1SRW5rj2pJ3WwNkUBHj1lAHfqqyKDYwwB,BD_PRODUCTO_IMAGENES_Images/CAMP6709/CAMP6709-13iD2.jpg,13iD2E4xPRs4YJfsNvjfgh-gbcgcxhWQf,https://www.appsheet.com/template/gettablefileurl?appName=CASTFERSYSTEMV1-201513855&tableName=BD_PRODUCTO_IMAGENES&fileName=BD_PRODUCTO_IMAGENES_Images%2FCAMP6709%2FCAMP6709-13iD2.jpg,TRUE,13/4/2026,IA_Gemini,FALSE,imagen,https://www.appsheet.com/template/gettablefileurl?appName=CASTFERSYSTEMV1-201513855&tableName=BD_PRODUCTO_IMAGENES&fileName=BD_PRODUCTO_IMAGENES_Images%2FCAMP6709%2FCAMP6709-13iD2.jpg,"## ART DIRECTIVE: URUS Bomber Universitaria Engomado

**VISUAL AUTHORITY:** The provided image is the absolute source of truth.

**ORIENTATION CHECK:** The garment is a top garment (Jacket). The neckline is deep, confirming **FRONT** orientation.

**TECHNICAL SUMMARY:** This directive details the creation of a high-fidelity commercial image of a URUS “Bomber Universitaria Engomado” jacket, adhering strictly to the provided forensic garment analysis.

**1. STICT VISUAL AUDIT:** The jacket is a bomber style with a combination of materials – a shiny, quilted “cire ecocuero” body and sleeves resembling leather or a synthetic alternative. Key branding elements include “Taste”, “Pro TMT Energy”, “STARTER CLUB” (with “52”), and a partial “STUDIO” logo. The jacket features a metallic front zipper, two pockets with flaps, and ribbed elastic cuffs and collar in white and blue. Overlock stitching is visible along the edges.

**2. LOGO FIDELITY:** All visible logos – “Taste”, “Pro TMT Energy”, “STARTER CLUB” (with “52”), and the partial “STUDIO” logo – *must* be replicated in their exact positions, sizes, and color schemes. The URUS brand logo is *not* visible in the source image and therefore should *not* be added.

**3. RAW EVIDENCE:** The jacket in the provided image is the master. Every detail – stitching, material sheen, logo placement, and color blocking – must be faithfully reproduced.

**4. ANATOMICAL ISOLATION:** The image will feature a model wearing the jacket. Details will be limited to what is visible from the front. No back details (e.g., a fly, back pockets) will be added.

**5. MODEL ADAPTATION & SUBJECT SELECTION:** Replace the hanger with a male fashion model. The model should be wearing the jacket, demonstrating a standard fit.

**6. TECHNICAL COLOR & TEXTURE EXTRACTION:** The jacket features a combined color scheme. The predominant colors are **Azul Cobalto (#0047AB)** and **Rojo (#E52B2B)**. The material has a distinct sheen due to the “cire ecocuero” finish. Texture fidelity is paramount, capturing the quilted texture of the body and the smooth appearance of the sleeves.

**7. UNIVERSAL CLEANUP:** Remove all hangers, tags, labels, and cardboard hangtags.



****

Fotografía de catálogo de alta calidad de un hombre moderno y atractivo, vistiendo una bomber universitaria engomada de la marca URUS. La bomber es de color azul cobalto (#0047AB) y rojo (#E52B2B), con detalles en blanco y un acabado brillante. La prenda presenta apliques bordados y estampados con los logotipos ""Taste"", ""Pro TMT Energy"" y ""STARTER CLUB"" (con el número ""52"").  La chaqueta tiene una capucha con cordón, puños y cuello elásticos, y dos bolsillos frontales con solapa. El modelo posa en un estudio fotográfico con fondo gris claro (#F2F2F2) y una iluminación suave y uniforme. La imagen debe ser nítida, con colores vibrantes y una presentación impecable, ideal para comercio electrónico.  La textura del material debe ser visible, mostrando el acabado engomado y el acolchado.

**FICHA TÉCNICA DE GENERACIÓN (OBLIGATORIA):**

*   **MANDATO DE COLOR:** La prenda presenta un diseño con la paleta de colores detectada, manteniendo fidelidad absoluta de la textura original.
*   **RELACIÓN DE ASPECTO:** 3:4 (Mandatorio).
*   **MODELO OPTIMIZADO:** gemini-3.1-flash-image-preview.
*   **ACCESSORIES:** Auto (IA).","0,093062",5,,"## Forensic Garment Analysis Report

**GARMENT_TYPE:** Bomber Jacket
**DETECTED_POSITION:** FRONT
**SUPPORT_CONTEXT:** ON_MANNEQUIN

**PRIMARY_COLOR:**
    - Technical Name: Cobalt Blue
    - HEX Code: #0047AB (estimated)
    - Type: SOLID
    - Pattern Details: Quilted pattern on the lower body of the jacket.

**ESTIMATED_MATERIAL:** Appears to be a synthetic material with a slight sheen, potentially a coated nylon or polyester. Sleeves appear to be a heavier, possibly cotton-blend material. The quilted sections suggest a padded or insulated fill.

**LOGOS_OR_BRANDING:**
    - Visible: YES
    - Details:
        - ""Starter"" logo patch, approximately 7cm x 7cm, centered on the chest. Features a stylized ""S"" and ""R"" within a square frame.
        - ""Studio 23"" logo patch, approximately 4cm x 3cm, located on the upper right sleeve.
        - ""Taste Testenbytes"" logo patch, approximately 6cm x 4cm, located on the upper left sleeve.
        - ""Pro TMT"" logo patch, approximately 4cm x 3cm, located on the left chest, below the ""Taste Testenbytes"" logo.

**CONSTRUCTION_DETAILS:**
    - Stitching: Predominantly straight stitching, with visible quilting stitches throughout the lower body. Appears to be a combination of standard and potentially double-needle stitching at seams.
    - Closures: Front closure with visible snap buttons.
    - Pockets: Two side welt pockets.
    - Elastics: Ribbed cuffs in navy blue with white stripes. Ribbed waistband in navy blue with white stripes.

**VISIBLE_CARE_LABELS:** NO

**VISUAL_STATE:** CLEAN and PRESENTABLE. Mannequin visible.



"
IMG-1776098148381-32-71,CAMP6709,1SRW5rj2pJ3WwNkUBHj1lAHfqqyKDYwwB,BD_PRODUCTO_IMAGENES_Images/CAMP6709/CAMP6709-1I0WO.jpg,1I0WOicAkaTvkXsXq9w37a34G-oUs_fFE,https://www.appsheet.com/template/gettablefileurl?appName=CASTFERSYSTEMV1-201513855&tableName=BD_PRODUCTO_IMAGENES&fileName=BD_PRODUCTO_IMAGENES_Images%2FCAMP6709%2FCAMP6709-1I0WO.jpg,TRUE,13/4/2026,IA_Gemini,FALSE,imagen,https://www.appsheet.com/template/gettablefileurl?appName=CASTFERSYSTEMV1-201513855&tableName=BD_PRODUCTO_IMAGENES&fileName=BD_PRODUCTO_IMAGENES_Images%2FCAMP6709%2FCAMP6709-1I0WO.jpg,"## ART DIRECTIVE: URUS Bomber Universitaria Engomado

**OVERVIEW:** Generate a high-fidelity commercial image for the URUS ""Bomber universitaria engomado"" jacket, adhering strictly to the provided forensic garment analysis and style guidelines. The image will be used for a premium e-commerce catalog.

**I. VISUAL AUTHORITY & TECHNICAL SPECIFICATIONS:**

*   **Source of Truth:** The attached image is the absolute visual reference.
*   **Garment Type:** Campera (Bomber Jacket)
*   **Orientation:** FRONT. (Confirmed by deep neckline and straight collar).
*   **Color:** The garment is obligatoriamente de color Marrón rojizo (Terracota) with exact HEX code #A67B5B.
*   **Material:** Cire ecocuero (synthetic leather with a glossy finish).
*   **Logos & Branding:**  Maintain *all* visible logos and their precise placement:
    *   ""Taste"" and ""Pro TMT Energy"" on the upper left chest (approx. 8-12cm diameter).
    *   ""Starter Club"" on the upper right chest (approx. 8-12cm diameter).
    *   ""STUDIO"" on the left sleeve (approx. 8-12cm diameter).
    *   Additional logos on the upper back and lower front of the jacket.
*   **Construction Details:**  Accurately replicate:
    *   Visible overlock stitching on edges and seams.
    *   Metallic (YKK) front zipper.
    *   Two side pockets with metallic zippers.
    *   Elastic ribbing on cuffs, collar, and hem.

**II. MODEL & ENVIRONMENT:**

*   **Model:** Hombre (Male) professional fashion model.
*   **Pose:** Natural, relaxed pose showcasing the jacket's fit and style.  Avoid overly stylized or dramatic poses.
*   **Background:** Neutral professional studio – Light Gray (#F2F2F2).  Seamless, clean background.
*   **Lighting:** Uniform high-key studio softbox lighting.  Minimize harsh shadows.  Focus on even illumination to showcase the jacket’s texture and color.
*   **Accessories:** Auto (IA) - Allow the AI to suggest appropriate, subtle accessories that complement the jacket without distracting from it.

**III. RAW MASTER PROMPT (Spanish):**

Fotografía de catálogo comercial de alta calidad de un modelo masculino vistiendo una bomber universitaria engomada de la marca URUS. La bomber es de color marrón rojizo terracota (#A67B5B) con acabado de cire ecocuero brillante.  La prenda presenta múltiples parches y logos: ""Taste"" y ""Pro TMT Energy"" en el pecho izquierdo, ""Starter Club"" en el pecho derecho, y ""STUDIO"" en la manga izquierda.  Se deben replicar fielmente las costuras overlock visibles, la cremallera metálica frontal, los bolsillos laterales con cremallera y el ribete elástico en puños, cuello y parte inferior. El fondo es gris claro (#F2F2F2) y la iluminación es suave y uniforme.  El modelo debe tener una pose natural y relajada. Eliminar cualquier etiqueta, colgador o accesorio innecesario.

**IV. TECHNICAL GENERATION DETAILS:**

*   **COLOR MANDATE:** La prenda es obligatoriamente de color Marrón rojizo (Terracota) con código HEX #A67B5B exacto.
*   **ASPECT RATIO:** 3:4 (Mandatory).
*   **TARGET GENERATION MODEL:** gemini-3.1-flash-image-preview.



**V. QUALITY CONTROL CHECKLIST:**

*   **Logo Fidelity:** Verify all logos are present, correctly positioned, and accurately sized.
*   **Color Accuracy:** Confirm the jacket’s color matches the specified HEX code (#A67B5B).
*   **Material Representation:** Ensure the cire ecocuero material is realistically rendered with a glossy finish.
*   **Stitching Detail:**  Check for accurate representation of overlock stitching.
*   **Cleanliness:**  Confirm the removal of all tags, hangers, and unwanted elements.
*   **Overall Aesthetic:**  Ensure the image aligns with a premium e-commerce catalog aesthetic – clean, professional, and visually appealing.","0,0946155",6,,"## Forensic Garment Analysis Report

**GARMENT_TYPE:** Bomber Jacket
**DETECTED_POSITION:** FRONT
**SUPPORT_CONTEXT:** ON_MANNEQUIN

**PRIMARY_COLOR:**
    - Technical Name: Tawny Brown
    - HEX Code: #A0522D (estimated)
    - Type: SOLID
    - Pattern Details: None

**ESTIMATED_MATERIAL:** Cire Ecocuero (based on database metadata and visual sheen/texture) with Knit panels.

**LOGOS_OR_BRANDING:**
    - Visible: YES
    - Details:
        - ""STUDIO"" - Rectangular patch, approximately 2cm x 4cm, located on the upper left sleeve.
        - ""Taste"" / ""TastemyTaste"" - Circular patch, approximately 4cm diameter, located on the chest.
        - ""Pro TMT ENERGY"" - Rectangular patch, approximately 3cm x 6cm, located below the ""Taste"" patch.
        - ""STARTER"" - Shield-shaped patch, approximately 5cm x 6cm, located on the right chest.
        - Small rectangular patch with white text on a black background, approximately 1cm x 2cm, located on the left sleeve.

**CONSTRUCTION_DETAILS:**
    - Stitching: Appears to be a combination of straight stitching and quilting on the body panels.
    - Closures: Full-length front zipper, likely metal.
    - Pockets: Two side welt pockets.
    - Elastics: Ribbed cuffs in a cream/off-white color. Drawstring hood in white.

**VISIBLE_CARE_LABELS:** NO

**VISUAL_STATE:** CLEAN and PRESENTABLE. Mannequin visible.



"
IMG-1776110930115-34-992,CAMP6709,1SRW5rj2pJ3WwNkUBHj1lAHfqqyKDYwwB,BD_PRODUCTO_IMAGENES_Images/CAMP6709/CAMP6709-1vfXK.jpg,1vfXK5OAIiX723o3DONqoS393YV6HAZZ5,https://www.appsheet.com/template/gettablefileurl?appName=CASTFERSYSTEMV1-201513855&tableName=BD_PRODUCTO_IMAGENES&fileName=BD_PRODUCTO_IMAGENES_Images%2FCAMP6709%2FCAMP6709-1vfXK.jpg,TRUE,13/4/2026,IA_Gemini,FALSE,imagen,https://www.appsheet.com/template/gettablefileurl?appName=CASTFERSYSTEMV1-201513855&tableName=BD_PRODUCTO_IMAGENES&fileName=BD_PRODUCTO_IMAGENES_Images%2FCAMP6709%2FCAMP6709-1vfXK.jpg,"## ART DIRECTIVE: URUS Bomber Universitaria Engomado

**VISUAL AUTHORITY:** The provided image is the absolute source of truth.

**ORIENTATION CHECK:** Top Garment (Jacket). The neckline is deep, indicating the front of the jacket. The collar is straight, confirming this orientation.

**ANATOMICAL ISOLATION:** Focus solely on the visible front of the jacket. Do not add details to the back.

**MODEL ADAPTATION & SUBJECT SELECTION:** Replace the hanging garment with a male fashion model wearing the bomber jacket. The model should have a standard fit physique.

**TECHNICAL COLOR & TEXTURE EXTRACTION:** The jacket is predominantly a solid color. **La prenda es obligatoriamente de color Rojo intenso/Carmín con código HEX #D9534F exacto.** The material is cire ecocuero with a noticeable sheen and slight quilting. Maintain the texture of the material.

**LOGO FIDELITY:** The ""STARTER"" logo is prominently visible on the left chest, approximately 10cm high, embroidered in white with a black outline. The ""URUS 5KM"" label is visible inside the collar. Multiple patches are present on the left sleeve, including ""Studio"", ""Fasto"", and ""Pro TM"". All logos and patches must be replicated exactly as they appear in the reference image.

**DETAILED CONSTRUCTION:** Replicate the double-needle stitching on the edges and cuffs, and the overlock stitching on the panel seams. Include the silver metallic zipper closure, the two side pockets with metallic zippers, and the ribbed elastic cuffs and waistband.

**UNIVERSAL CLEANUP:** Remove all hangers, tags, and labels.

**STYLE INSTRUCTIONS:**

*   **Background:** Neutral professional studio (Light Gray #F2F2F2).
*   **Subject:** Professional male fashion model wearing the jacket.
*   **Lighting:** Uniform high-key studio softbox lighting.
*   **Style:** Commercial catalog photography.

****

Fotografía de catálogo de alta calidad de un modelo masculino vistiendo una bomber universitaria engomada de la marca URUS. La bomber es de color rojo intenso (#D9534F) con detalles en blanco y negro. La prenda presenta el logo ""STARTER"" bordado en blanco con contorno negro en el pecho izquierdo, y parches con los logos ""Studio"", ""Fasto"" y ""Pro TM"" en la manga izquierda. La bomber tiene un acabado brillante y ligeramente acolchado, con puños y cintura elásticos acanalados. El modelo posa en un estudio con fondo gris claro (#F2F2F2) bajo una iluminación suave y uniforme. La imagen debe ser nítida, con colores vibrantes y una presentación impecable, ideal para comercio electrónico.

**FICHA TÉCNICA DE GENERACIÓN (OBLIGATORIA):**

*   **MANDATO DE COLOR:** La prenda es obligatoriamente de color Rojo intenso/Carmín con código HEX #D9534F exacto.
*   **RELACIÓN DE ASPECTO:** 3:4 (Mandatorio).
*   **MODELO OPTIMIZADO:** gemini-3.1-flash-image-preview.","0,0893875",7,,"## Forensic Garment Analysis Report

**GARMENT_TYPE:** Bomber

**DETECTED_POSITION:** FRONT

**SUPPORT_CONTEXT:** ON_MANNEQUIN

**PRIMARY_COLOR:**
    - Technical Name: Crimson Red
    - HEX Code: #D92128 (estimated)
    - Type: SOLID
    - Pattern Details: None

**ESTIMATED_MATERIAL:** Cire ecocuero (based on reference data), with possible quilted padding. Sleeves appear to be a smooth, potentially synthetic fabric.

**LOGOS_OR_BRANDING:**
    - Visible: YES
    - Details:
        - ""URUS"" logo visible on the interior neck label. Approximate size: 2cm x 1cm.
        - Multiple patch logos are affixed to the chest and left sleeve. These include: ""TasteMyEnergy"", ""Pro TMI"", ""STUDIO"", and a ""Starter Club"" logo. Sizes vary, ranging from approximately 3cm x 5cm to 6cm x 8cm.

**CONSTRUCTION_DETAILS:**
    - Stitching: Appears to be a combination of straight stitching and quilted stitching.
    - Closures: Snap button closure at the front placket.
    - Pockets: 2 side welt pockets.
    - Elastics: Ribbed cuffs in red and white stripes. Ribbed hem in red and white stripes. Drawstrings on the hood.

**VISIBLE_CARE_LABELS:** YES - A care label is partially visible at the neck.

**VISUAL_STATE:** CLEAN and PRESENTABLE. Mannequin visible.



"
IMG-1776111457988-36-751,CAMP6709,1SRW5rj2pJ3WwNkUBHj1lAHfqqyKDYwwB,BD_PRODUCTO_IMAGENES_Images/CAMP6709/CAMP6709-13z7z.jpg,13z7z1D6JOvakwArdvozG3qXimheyqj4q,https://www.appsheet.com/template/gettablefileurl?appName=CASTFERSYSTEMV1-201513855&tableName=BD_PRODUCTO_IMAGENES&fileName=BD_PRODUCTO_IMAGENES_Images%2FCAMP6709%2FCAMP6709-13z7z.jpg,TRUE,13/4/2026,IA_Gemini,FALSE,image,https://www.appsheet.com/template/gettablefileurl?appName=CASTFERSYSTEMV1-201513855&tableName=BD_PRODUCTO_IMAGENES&fileName=BD_PRODUCTO_IMAGENES_Images%2FCAMP6709%2FCAMP6709-13z7z.jpg,"## ART DIRECTIVE - Bomber Jacket

**RAZONAMIENTO:** La orientación se determina por la presencia de la cremallera frontal completa y el cuello alto, indicando claramente la vista frontal de la prenda. La capucha y los cordones de ajuste refuerzan esta identificación.

**AUDITORÍA VISUAL:** Chaqueta Bomber. Las fotos muestran la prenda en orientación FRONTAL. Se observan múltiples parches con logotipos y detalles de costura acolchada. La parte trasera de la chaqueta se muestra en la última imagen, revelando la ausencia de parches y la presencia de una etiqueta interna.

****

Una fotografía de estudio de alta gama que presenta una chaqueta bomber acolchada de color gris, suspendida en el espacio como si estuviera siendo usada por un cuerpo invisible. La chaqueta está perfectamente centrada sobre un fondo blanco puro, con una iluminación suave y difusa que resalta la textura del acolchado y los detalles de los parches. La cremallera frontal está ligeramente abierta, revelando el forro interior de la chaqueta. Los puños y el cuello están acentuados con ribetes blancos. Se debe prestar especial atención a la fidelidad de los logotipos y los detalles de costura. Una sombra de contacto sutil en el suelo proporciona una referencia de plano. La imagen debe transmitir una sensación de lujo y calidad.

**FICHA TÉCNICA DE GENERACIÓN (OBLIGATORIA):**

- MANDATO DE COLOR: Diseño con la paleta de colores detectada.
- RELACIÓN DE ASPECTO: 3:4 (Mandatorio).
- MODELO OPTIMIZADO: gemini-3.1-flash-image-preview.","0,0895615",3,,